3,合図
3,清潔
3,願い
3,幕
3,馬
3,除く
3,香り
3,歩道
3,想像
3,備える
3,便
3,ライター
3,平均
3,革
3,去る
3,礼儀
3,意思
3,全く
3,中央
3,歓迎
3,輸出
3,喉
3,間
3,修正
3,記念
3,震える
3,一家
3,活動
3,少年
3,ダンス
3,違い
3,週
3,だが
3,適用
3,刈る
3,批判
3,場
3,何か
3,利口
3,ちょうだい
3,味方
3,局
3,恋人
3,カー
3,軍隊
3,運
3,責任
3,両替
3,伸びる
3,平和
3,サービス
3,伺う
3,経由
3,浴びる
3,売れる
3,国境
3,昼食
3,クラシック
3,弁当
3,飽きる
3,手間
3,効く
3,逮捕
3,批評
3,のんびり
3,管
3,回す
3,板
3,冒険
3,周囲
3,わがまま
3,乗客
3,勝ち
3,曜日
3,関心
3,棒
3,更に
3,いえ
3,地球
3,担当
3,直
3,お昼
3,建設
3,頬
3,人気
3,消防
3,やや
3,いわゆる
3,すてき
3,単に
3,コード
3,値段
3,諦める
3,様々
3,生地
3,欠ける
3,なお
3,容易
3,基づく
3,事情
3,一時
3,ね
3,文明
3,貸し
3,ボール
3,ここ
3,要するに
3,実験
3,徹底
3,尊敬
3,逆らう
3,心臓
3,完全
3,家具
3,試し
3,才能
3,有効
3,笑い
3,大家
3,貧しい
3,突然
3,指す
3,券
3,結ぶ
3,たびたび
3,遂に
3,占める
3,墓
3,選択
3,気の毒
3,内
3,組
3,まさに
3,任せる
3,迷子
3,注目
3,方
3,タイプライター
3,うなる
3,預ける
3,地区
3,人工
3,火曜
3,俳優
3,歌手
3,特徴
3,銀
3,進歩
3,雰囲気
3,そう
3,嫁
3,次々
3,スター
3,順
3,承認
3,向ける
3,豆
3,スケート
3,留める
3,合格
3,以前
3,筋肉
3,下
3,暮らし
3,パスポート
3,いらいら
3,方法
3,生産
3,居る
3,次第
3,チーム
3,通す
3,それと
3,ワイン
3,家事
3,結局
3,身長
3,流れる
3,計画
3,物理
3,ヨーロッパ
3,教授
3,書斎
3,避ける
3,飛行
3,必死
3,カード
3,満足
3,誤り
3,釣
3,奥
3,地下
3,文句
3,食卓
3,情報
3,泳ぎ
3,泉
3,観光
3,航空
3,嘘
3,日付
3,物語
3,食品
3,結果
3,騒ぎ
3,取れる
3,語学
3,申し訳
3,孫
3,肌
3,尤も
3,教師
3,裁判
3,心配
3,小麦
3,混雑
3,余り
3,岩
3,月曜
3,述べる
3,前進
3,資本
3,演説
3,見事
3,論じる
3,再び
3,万一
3,常に
3,プロ
3,飼う
3,狂う
3,地平線
3,この
3,医師
3,身体
3,出版
3,技師
3,精々
3,だから
3,大抵
3,区別
3,博物館
3,目的
3,予算
3,我慢
3,底
3,あと
3,気候
3,恐ろしい
3,風呂
3,今日
3,制度
3,牛
3,栄養
3,尻
3,跡
3,入場
3,唯一
3,幸せ
3,書類
3,だって
3,喧嘩
3,成る
3,骨折
3,オーバー
3,教科書
3,説
3,相当
3,全員
3,比較
3,契約
3,より
3,気付く
3,鍵
3,しかも
3,解く
3,境
3,場面
3,環境
3,気温
3,実は
3,物質
3,家賃
3,おや
3,回り
3,全て
3,不平
3,硬貨
3,援助
3,工場
3,偶々
3,永久
3,需要
3,デート
3,あらゆる
3,立派
3,発明
3,火災
3,酸素
3,質
3,どれ
3,諺
3,責める
3,開始
3,幸い
3,老い
3,招く
3,王
3,済ませる
3,田
3,砂漠
3,支払
3,大した
3,繰り返す
3,どうしても
3,エネルギー
3,頭痛
3,どうか
3,彼等
3,暮らす
3,真っ赤
3,体温
3,悪口
3,通学
3,息
3,アイロン
3,降ろす
3,抵抗
3,ハンサム
3,台
3,ゲーム
3,同一
3,唯
3,陸
3,青年
3,流す
3,誤解
3,換える
3,代理
3,川
3,出会い
3,意外
3,玉
3,愛
3,状況
3,風景
3,姉妹
3,年中
3,学習
3,不満
3,暖かい
3,勧める
3,閉じる
3,刑事
3,動かす
3,哀れ
3,時
3,夜中
3,当時
3,面倒
3,抜く
3,基
3,出会う
3,明らか
3,思い出
3,来
3,未来
3,邪魔
3,魚
3,ケース
3,数える
3,急激
3,デモ
3,握る
3,出来事
3,結論
3,ママ
3,土
3,独特
3,丘
3,小包
3,重要
3,表現
3,世紀
3,値
3,オフィス
3,喜び
3,ジェット機
3,梅雨
3,首相
3,望み
3,木曜
3,示す
3,書物
3,腹
3,現れ
3,追う
3,定期
3,都会
3,硬い
3,年代
3,正
3,うるさい
3,表
3,被る
3,ピクニック
3,籠
3,ところで
3,ざっと
3,付き合い
3,植物
3,学者
3,気味
3,性
3,役
3,幾ら
3,渋滞
3,無料
3,無し
3,怠ける
3,随分
3,離れる
3,真剣
3,推薦
3,優秀
3,敬意
3,衣服
3,御
3,処理
3,患者
3,順調
3,行動
3,演技
3,後
3,幅
3,生
3,過去
3,ソファー
3,勢い
3,保証
3,用いる
3,通り過ぎる
3,居間
3,全国
3,微妙
3,感じ
3,徹夜
3,価格
3,軒
3,グランド
3,恐れる
3,熱帯
3,セット
3,隠れる
3,自身
3,対象
3,スープ
3,二十
3,あんまり
3,いち
3,武器
3,生じる
3,膝
3,入院
3,農民
3,辺り
3,応じる
3,パス
3,宅
3,戦い
3,ラケット
3,神経
3,エンジン
3,郵便
3,連れ
3,包み
3,納得
3,豊富
3,文
3,何とか
3,引っ張る
3,で
3,床
3,存在
3,囲む
3,料金
3,用心
3,燃える
3,大統領
3,適する
3,正確
3,注文
3,夫婦
3,障害
3,演奏
3,一番
3,日本
3,母親
3,優勝
3,誇り
3,縦
3,端
3,一般
3,費用
3,舞台
3,クリーム
3,道路
3,就く
3,信頼
3,可能
3,できれば
3,日中
3,支える
3,実施
3,年齢
3,評判
3,九
3,涙
3,迎え
3,たまらない
3,記入
3,欠点
3,角
3,本当
3,遠慮
3,積もる
3,全体
3,キロ
3,迷惑
3,人類
3,独り
3,束
3,具体
3,額
3,バン
3,濃い
3,芸術
3,市場
3,トンネル
3,皮
3,滞在
3,ノー
3,じゃあ
3,法
3,不幸
3,愛する
3,悲しむ
3,じっと
3,有能
3,拍手
3,立場
3,無視
3,立ち上がる
3,半ば
3,兎
3,おしゃべり
3,正午
3,関する
3,いつか
3,仲間
3,級
3,感心
3,穴
3,ドレス
3,便り
3,求める
3,裏切る
3,日曜
3,相談
3,生き物
3,助手
3,旧
3,叫ぶ
3,なぜなら
3,金銭
3,合計
3,うがい
3,ゆっくり
3,詩人
3,機械
3,限界
3,縄
3,金融
3,明かり
3,少しも
3,終える
3,頃
3,冗談
3,正式
3,式
3,濠
3,激しい
3,損
3,文字
3,禁止
3,きちんと
3,茶
3,幸運
3,振る
3,昨
3,注ぐ
3,会計
3,根
3,温暖
3,計
3,確実
3,胸
3,記憶
3,建築
3,煙
3,あるいは
3,いつでも
3,知らせ
3,いつまでも
3,掲示
3,刺激
3,診察
3,機関
3,戻す
3,石油
3,駄目
3,食欲
3,抱える
3,破産
3,印刷
3,対する
3,名
3,見当
3,すると
3,言わば
3,分ける
3,象
3,陽気
3,許す
3,人種
3,縁
3,黙る
3,相手
3,決心
3,愛情
3,幸福
3,やがて
3,量
3,豪華
3,有利
3,引用
3,チーズ
3,桜
3,人込み
3,仲
3,論文
3,約
3,防ぐ
3,美人
3,ミス
3,予報
3,毛布
3,賛成
3,発見
3,素晴らしい
3,輪
3,見舞い
3,巨大
3,苦しい
3,物価
3,語る
3,沈む
3,中学
3,盛り
3,実際
3,模様
3,税
3,触れる
3,直ちに
3,断る
3,何
3,経つ
3,張る
3,土曜
3,服装
3,塵
3,河
3,議会
3,できる
3,発表
3,勤め
3,影響
3,実行
3,素
3,髪の毛
3,およそ
3,宿
3,ずっと
3,撃つ
3,食物
3,期待
3,健康
3,インク
3,脇
3,務め
3,真似
3,銃
3,心理
3,代金
3,何で
3,札
3,うん
3,座席
3,傷
3,重視
3,よい
3,販売
3,プラス
3,差
3,恋
3,筆
3,課
3,ボーイ
3,最も
3,態度
3,偉大
3,雇う
3,岸
3,途端
3,覚悟
3,出発
3,誘う
3,紐
3,泡
3,丸
3,加わる
3,実現
3,日光
3,信仰
3,印象
3,眺め
3,まるで
3,生まれ
3,極
3,単なる
3,筋
3,種類
3,打つ
3,しまい
3,球
3,石炭
3,今回
3,しまった
3,不正
3,全然
3,切れ
3,こんなに
3,可
3,改善
3,野
3,ドラマ
3,捕まる
3,等
3,通じる
3,似合う
3,松
3,噂
3,鍋
3,お目に掛かる
3,克服
3,意識
3,善
3,熱中
3,劣る
3,男子
3,恐怖
3,そこで
3,いらっしゃい
3,終
3,主義
3,叩く
3,準備
3,軍
3,苦労
3,高価
3,逆
3,旗
3,不
3,仏
3,側
3,運動
3,先ず
3,面
3,見る
3,トップ
3,出来るだけ
3,船
3,中心
3,鬼
3,原
3,見解
3,監督
3,得る
3,達する
3,本人
3,品
3,故郷
3,困難
3,調査
3,我々
3,疲れ
3,しゃべる
3,注
3,委員
3,輸入
3,現代
3,金額
3,祝う
3,願う
3,転ぶ
3,友人
3,履く
3,作品
3,絶滅
3,表情
3,言語
3,回
3,がっかり
3,綿
3,大臣
3,引退
3,女子
3,褒める
3,訓
3,少女
3,奪う
3,一層
3,期間
3,ロケット
3,掃除
3,確認
3,向かい
3,外す
3,問い
3,伸ばす
3,優れる
3,機嫌
3,予期
3,持ち上げる
3,犯人
3,資源
3,乗せる
3,ベルト
3,過ごす
3,対
3,後者
3,姿
3,支出
3,読書
3,霜
3,異なる
3,例
3,金
3,通信
3,訓練
3,近頃
3,プラン
3,登山
3,さっぱり
3,タオル
3,国家
3,作家
3,勿論
3,独身
3,ですから
3,休憩
3,ホーム
3,成人
3,作業
3,投票
3,会
3,世間
3,末
3,輝く
3,活気
3,金庫
3,世話
3,旅
3,制限
3,昇る
3,王様
3,未だ
3,記事
3,混乱
3,給料
3,男の人
3,練習
3,アイスクリーム
3,一方
3,修理
3,地
3,クリスマス
3,では
3,表す
3,ドライブ
3,好む
3,助ける
3,感情
3,溺れる
3,抱く
3,おまえ
3,知識
3,組合
3,首都
3,党
3,講演
3,直接
3,吐く
3,雷
3,恩
3,位置
3,余裕
3,覆う
3,率
3,消費
3,精神
3,いたずら
3,吠える
3,それとも
3,手伝い
3,今後
3,大気
3,全
3,下り
3,柄
3,収穫
3,反抗
3,参考
3,あっ
3,含む
3,食糧
3,範囲
3,大
3,止す
3,妙
3,センター
3,密
3,いつも
3,羽
3,及ぼす
3,減らす
3,親しい
3,笑顔
3,知能
3,辞める
3,協力
3,キャンプ
3,章
3,ビデオ
3,集団
3,明後日
3,一言
3,虫歯
3,解決
3,猿
3,塔
3,描く
3,そこ
3,お腹
3,不可
3,議長
3,放送
3,支度
3,作法
3,双子
3,ジーンズ
3,熱心
3,稼ぐ
3,景気
3,多少
3,失う
3,氷
3,生物
3,死亡
3,レポート
3,贈る
3,商品
3,したがって
3,なにも
3,傾向
3,計算
3,土産
3,内容
3,虎
3,通り
3,大変
3,月
3,悪魔
3,それでも
3,鉄道
3,もしも
3,ちゃんと
3,日
3,貢献
3,吸収
